{
  "project_info": {
    "project_number": "825368276317",
    "firebase_url": "https://dbtest-c6461-default-rtdb.firebaseio.com",
    "project_id": "dbtest-c6461",
    "storage_bucket": "dbtest-c6461.appspot.com"
  },
  "client": [
    {
      "client_info": {
        "mobilesdk_app_id": "1:825368276317:android:e5f080e7c07284c90a8cb4",
        "android_client_info": {
          "package_name": "com.example.admin"
        }
      },
      "oauth_client": [],
      "api_key": [
        {
          "current_key": "AIzaSyCfoAWBg5X6PJkX3ECPmoGGNafBB1g5GY4"
        }
      ],
      "services": {
        "appinvite_service": {
          "other_platform_oauth_client": []
        }
      }
    },
    {
      "client_info": {
        "mobilesdk_app_id": "1:825368276317:android:dd7f549ff21992090a8cb4",
        "android_client_info": {
          "package_name": "com.example.capstone_re"
        }
      },
      "oauth_client": [],
      "api_key": [
        {
          "current_key": "AIzaSyCfoAWBg5X6PJkX3ECPmoGGNafBB1g5GY4"
        }
      ],
      "services": {
        "appinvite_service": {
          "other_platform_oauth_client": []
        }
      }
    },
    {
      "client_info": {
        "mobilesdk_app_id": "1:825368276317:android:a39e895849eb535f0a8cb4",
        "android_client_info": {
          "package_name": "com.example.customer"
        }
      },
      "oauth_client": [],
      "api_key": [
        {
          "current_key": "AIzaSyCfoAWBg5X6PJkX3ECPmoGGNafBB1g5GY4"
        }
      ],
      "services": {
        "appinvite_service": {
          "other_platform_oauth_client": []
        }
      }
    },
    {
      "client_info": {
        "mobilesdk_app_id": "1:825368276317:android:8ef7ee0fa66445590a8cb4",
        "android_client_info": {
          "package_name": "com.example.market"
        }
      },
      "oauth_client": [],
      "api_key": [
        {
          "current_key": "AIzaSyCfoAWBg5X6PJkX3ECPmoGGNafBB1g5GY4"
        }
      ],
      "services": {
        "appinvite_service": {
          "other_platform_oauth_client": []
        }
      }
    }
  ],
  "configuration_version": "1"
}